{
    "rules": [
        {
          "and_preset": "route_1",
          "entries": [
              { "key": "rattata", "rate": 0.55, "level": 2, "variance": "x + (3 * rand())" },
              { "key": "rattata", "rate": 0.45, "level": 2, "variance": "x + (4 * rand())" }
          ]
        },
        {
          "and_preset": "route_23",
          "entries": [
              { "key": "sandslash", "rate": 0.05, "level": 41 },
              { "key": "arbok", "rate": 0.05, "level": 41 }
          ]
        }
    ]
}